ID_Ecole,Type_Ecole
Ecole_1,École de Commerce
Ecole_2,IUT
Ecole_3,École de Commerce
Ecole_4,École Spécialisée
Ecole_5,Université
Ecole_6,IUT
Ecole_7,École de Commerce
Ecole_8,IUT
Ecole_9,École Spécialisée
Ecole_10,Université
Ecole_11,IUT
Ecole_12,BTS
Ecole_13,École Spécialisée
Ecole_14,École Spécialisée
Ecole_15,BTS
Ecole_16,École de Commerce
Ecole_17,École de Commerce
Ecole_18,École de Commerce
Ecole_19,École Spécialisée
Ecole_20,École Spécialisée
Ecole_21,École Spécialisée
Ecole_22,IUT
Ecole_23,Université
Ecole_24,IUT
Ecole_25,IUT
Ecole_26,École Spécialisée
Ecole_27,BTS
Ecole_28,Université
Ecole_29,BTS
Ecole_30,École de Commerce
Ecole_31,École Spécialisée
Ecole_32,IUT
Ecole_33,École de Commerce
Ecole_34,Université
Ecole_35,IUT
Ecole_36,Université
Ecole_37,BTS
Ecole_38,École de Commerce
Ecole_39,IUT
Ecole_40,École de Commerce
Ecole_41,IUT
Ecole_42,Université
Ecole_43,École Spécialisée
Ecole_44,École de Commerce
Ecole_45,IUT
Ecole_46,École de Commerce
Ecole_47,École Spécialisée
Ecole_48,École Spécialisée
Ecole_49,IUT
Ecole_50,IUT
Ecole_51,BTS
Ecole_52,BTS
Ecole_53,Université
Ecole_54,Université
Ecole_55,École de Commerce
Ecole_56,École Spécialisée
Ecole_57,IUT
Ecole_58,BTS
Ecole_59,Université
Ecole_60,IUT
Ecole_61,Université
Ecole_62,Université
Ecole_63,École Spécialisée
Ecole_64,Université
Ecole_65,IUT
Ecole_66,BTS
Ecole_67,Université
Ecole_68,École de Commerce
Ecole_69,Université
Ecole_70,BTS
Ecole_71,École Spécialisée
Ecole_72,BTS
Ecole_73,Université
Ecole_74,Université
Ecole_75,BTS
Ecole_76,Université
Ecole_77,IUT
Ecole_78,Université
Ecole_79,BTS
Ecole_80,École Spécialisée
Ecole_81,Université
Ecole_82,École Spécialisée
Ecole_83,BTS
Ecole_84,École de Commerce
Ecole_85,IUT
Ecole_86,BTS
Ecole_87,IUT
Ecole_88,École Spécialisée
Ecole_89,Université
Ecole_90,IUT
Ecole_91,BTS
Ecole_92,Université
Ecole_93,École de Commerce
Ecole_94,Université
Ecole_95,IUT
Ecole_96,École de Commerce
Ecole_97,BTS
Ecole_98,Université
Ecole_99,École de Commerce
Ecole_100,Université
Ecole_101,Université
Ecole_102,Université
Ecole_103,BTS
Ecole_104,BTS
Ecole_105,IUT
Ecole_106,École de Commerce
Ecole_107,Université
Ecole_108,BTS
Ecole_109,IUT
Ecole_110,École de Commerce
Ecole_111,École Spécialisée
Ecole_112,IUT
Ecole_113,École Spécialisée
Ecole_114,École Spécialisée
Ecole_115,Université
Ecole_116,École de Commerce
Ecole_117,École de Commerce
Ecole_118,École de Commerce
Ecole_119,École Spécialisée
Ecole_120,IUT
Ecole_121,École de Commerce
Ecole_122,École de Commerce
Ecole_123,IUT
Ecole_124,Université
Ecole_125,École Spécialisée
Ecole_126,Université
Ecole_127,IUT
Ecole_128,École de Commerce
Ecole_129,BTS
Ecole_130,École de Commerce
Ecole_131,École de Commerce
Ecole_132,École de Commerce
Ecole_133,BTS
Ecole_134,IUT
Ecole_135,École Spécialisée
Ecole_136,École Spécialisée
Ecole_137,IUT
Ecole_138,Université
Ecole_139,BTS
Ecole_140,IUT
Ecole_141,IUT
Ecole_142,BTS
Ecole_143,IUT
Ecole_144,Université
Ecole_145,École Spécialisée
Ecole_146,IUT
Ecole_147,IUT
Ecole_148,BTS
Ecole_149,École Spécialisée
Ecole_150,École de Commerce
Ecole_151,École de Commerce
Ecole_152,Université
Ecole_153,BTS
Ecole_154,Université
Ecole_155,École Spécialisée
Ecole_156,École Spécialisée
Ecole_157,Université
Ecole_158,École Spécialisée
Ecole_159,Université
Ecole_160,IUT
Ecole_161,École de Commerce
Ecole_162,BTS
Ecole_163,Université
Ecole_164,École de Commerce
Ecole_165,IUT
Ecole_166,IUT
Ecole_167,IUT
Ecole_168,École de Commerce
Ecole_169,Université
Ecole_170,Université
Ecole_171,École Spécialisée
Ecole_172,BTS
Ecole_173,BTS
Ecole_174,École Spécialisée
Ecole_175,Université
Ecole_176,Université
Ecole_177,IUT
Ecole_178,École de Commerce
Ecole_179,École de Commerce
Ecole_180,Université
Ecole_181,École Spécialisée
Ecole_182,École Spécialisée
Ecole_183,École Spécialisée
Ecole_184,École Spécialisée
Ecole_185,École de Commerce
Ecole_186,Université
Ecole_187,École Spécialisée
Ecole_188,École de Commerce
Ecole_189,Université
Ecole_190,École de Commerce
Ecole_191,BTS
Ecole_192,École Spécialisée
Ecole_193,École Spécialisée
Ecole_194,École Spécialisée
Ecole_195,École Spécialisée
Ecole_196,École de Commerce
Ecole_197,École Spécialisée
Ecole_198,IUT
Ecole_199,Université
Ecole_200,IUT
Ecole_201,BTS
Ecole_202,BTS
Ecole_203,École Spécialisée
Ecole_204,IUT
Ecole_205,École de Commerce
Ecole_206,École Spécialisée
Ecole_207,Université
Ecole_208,IUT
Ecole_209,École de Commerce
Ecole_210,BTS
Ecole_211,École Spécialisée
Ecole_212,IUT
Ecole_213,IUT
Ecole_214,BTS
Ecole_215,École Spécialisée
Ecole_216,École de Commerce
Ecole_217,IUT
Ecole_218,BTS
Ecole_219,BTS
Ecole_220,École de Commerce
Ecole_221,École de Commerce
Ecole_222,Université
Ecole_223,École Spécialisée
Ecole_224,École Spécialisée
Ecole_225,École de Commerce
Ecole_226,Université
Ecole_227,IUT
Ecole_228,BTS
Ecole_229,École Spécialisée
Ecole_230,École de Commerce
Ecole_231,BTS
Ecole_232,IUT
Ecole_233,École Spécialisée
Ecole_234,École Spécialisée
Ecole_235,Université
Ecole_236,École de Commerce
Ecole_237,Université
Ecole_238,BTS
Ecole_239,IUT
Ecole_240,IUT
Ecole_241,IUT
Ecole_242,École Spécialisée
Ecole_243,BTS
Ecole_244,BTS
Ecole_245,BTS
Ecole_246,IUT
Ecole_247,IUT
Ecole_248,IUT
Ecole_249,BTS
Ecole_250,École de Commerce
Ecole_251,École de Commerce
Ecole_252,École Spécialisée
Ecole_253,Université
Ecole_254,École Spécialisée
Ecole_255,École Spécialisée
Ecole_256,BTS
Ecole_257,BTS
Ecole_258,École Spécialisée
Ecole_259,École de Commerce
Ecole_260,IUT
Ecole_261,BTS
Ecole_262,École de Commerce
Ecole_263,Université
Ecole_264,École de Commerce
Ecole_265,Université
Ecole_266,Université
Ecole_267,École de Commerce
Ecole_268,Université
Ecole_269,IUT
Ecole_270,Université
Ecole_271,École Spécialisée
Ecole_272,École de Commerce
Ecole_273,BTS
Ecole_274,Université
Ecole_275,BTS
Ecole_276,BTS
Ecole_277,École Spécialisée
Ecole_278,École de Commerce
Ecole_279,École Spécialisée
Ecole_280,BTS
Ecole_281,BTS
Ecole_282,École de Commerce
Ecole_283,École Spécialisée
Ecole_284,Université
Ecole_285,École de Commerce
Ecole_286,BTS
Ecole_287,IUT
Ecole_288,Université
Ecole_289,École de Commerce
Ecole_290,École de Commerce
Ecole_291,Université
Ecole_292,BTS
Ecole_293,École Spécialisée
Ecole_294,École Spécialisée
Ecole_295,Université
Ecole_296,Université
Ecole_297,Université
Ecole_298,École Spécialisée
Ecole_299,École de Commerce
Ecole_300,École de Commerce
Ecole_301,Université
Ecole_302,Université
Ecole_303,BTS
Ecole_304,Université
Ecole_305,BTS
Ecole_306,École Spécialisée
Ecole_307,IUT
Ecole_308,Université
Ecole_309,École Spécialisée
Ecole_310,École de Commerce
Ecole_311,École Spécialisée
Ecole_312,École de Commerce
Ecole_313,École Spécialisée
Ecole_314,Université
Ecole_315,BTS
Ecole_316,Université
Ecole_317,École Spécialisée
Ecole_318,École de Commerce
Ecole_319,École de Commerce
Ecole_320,Université
Ecole_321,Université
Ecole_322,IUT
Ecole_323,IUT
Ecole_324,École de Commerce
Ecole_325,École Spécialisée
Ecole_326,École de Commerce
Ecole_327,École de Commerce
Ecole_328,École de Commerce
Ecole_329,École Spécialisée
Ecole_330,École Spécialisée
Ecole_331,IUT
Ecole_332,IUT
Ecole_333,École de Commerce
Ecole_334,École de Commerce
Ecole_335,BTS
Ecole_336,Université
Ecole_337,IUT
Ecole_338,École Spécialisée
Ecole_339,IUT
Ecole_340,École de Commerce
Ecole_341,Université
Ecole_342,École de Commerce
Ecole_343,BTS
Ecole_344,BTS
Ecole_345,École Spécialisée
Ecole_346,École de Commerce
Ecole_347,BTS
Ecole_348,IUT
Ecole_349,BTS
Ecole_350,IUT
Ecole_351,IUT
Ecole_352,École Spécialisée
Ecole_353,École Spécialisée
Ecole_354,École Spécialisée
Ecole_355,École de Commerce
Ecole_356,IUT
Ecole_357,Université
Ecole_358,IUT
Ecole_359,IUT
Ecole_360,École de Commerce
Ecole_361,École Spécialisée
Ecole_362,Université
Ecole_363,BTS
Ecole_364,École de Commerce
Ecole_365,Université
Ecole_366,École de Commerce
Ecole_367,École Spécialisée
Ecole_368,BTS
Ecole_369,BTS
Ecole_370,École de Commerce
Ecole_371,Université
Ecole_372,École Spécialisée
Ecole_373,IUT
Ecole_374,IUT
Ecole_375,École de Commerce
Ecole_376,École de Commerce
Ecole_377,École de Commerce
Ecole_378,IUT
Ecole_379,IUT
Ecole_380,Université
Ecole_381,École Spécialisée
Ecole_382,École de Commerce
Ecole_383,École de Commerce
Ecole_384,École de Commerce
Ecole_385,IUT
Ecole_386,École de Commerce
Ecole_387,Université
Ecole_388,École de Commerce
Ecole_389,École de Commerce
Ecole_390,École de Commerce
Ecole_391,IUT
Ecole_392,École Spécialisée
Ecole_393,École Spécialisée
Ecole_394,École de Commerce
Ecole_395,IUT
Ecole_396,École de Commerce
Ecole_397,BTS
Ecole_398,École de Commerce
Ecole_399,BTS
Ecole_400,École Spécialisée
Ecole_401,École Spécialisée
Ecole_402,École de Commerce
Ecole_403,École de Commerce
Ecole_404,École Spécialisée
Ecole_405,BTS
Ecole_406,École de Commerce
Ecole_407,IUT
Ecole_408,École Spécialisée
Ecole_409,IUT
Ecole_410,BTS
Ecole_411,École de Commerce
Ecole_412,BTS
Ecole_413,École Spécialisée
Ecole_414,Université
Ecole_415,IUT
Ecole_416,École de Commerce
Ecole_417,Université
Ecole_418,BTS
Ecole_419,École de Commerce
Ecole_420,Université
Ecole_421,Université
Ecole_422,BTS
Ecole_423,BTS
Ecole_424,BTS
Ecole_425,École de Commerce
Ecole_426,École de Commerce
Ecole_427,IUT
Ecole_428,IUT
Ecole_429,IUT
Ecole_430,BTS
Ecole_431,Université
Ecole_432,École Spécialisée
Ecole_433,IUT
Ecole_434,École Spécialisée
Ecole_435,École Spécialisée
Ecole_436,École de Commerce
Ecole_437,BTS
Ecole_438,École de Commerce
Ecole_439,BTS
Ecole_440,École de Commerce
Ecole_441,IUT
Ecole_442,École de Commerce
Ecole_443,IUT
Ecole_444,École Spécialisée
Ecole_445,École de Commerce
Ecole_446,BTS
Ecole_447,IUT
Ecole_448,BTS
Ecole_449,Université
Ecole_450,École Spécialisée
Ecole_451,Université
Ecole_452,BTS
Ecole_453,Université
Ecole_454,École Spécialisée
Ecole_455,Université
Ecole_456,École Spécialisée
Ecole_457,École de Commerce
Ecole_458,École de Commerce
Ecole_459,Université
Ecole_460,BTS
Ecole_461,Université
Ecole_462,École Spécialisée
Ecole_463,IUT
Ecole_464,Université
Ecole_465,IUT
Ecole_466,BTS
Ecole_467,Université
Ecole_468,École Spécialisée
Ecole_469,École Spécialisée
Ecole_470,IUT
Ecole_471,École Spécialisée
Ecole_472,École Spécialisée
Ecole_473,Université
Ecole_474,École de Commerce
Ecole_475,École de Commerce
Ecole_476,IUT
Ecole_477,BTS
Ecole_478,BTS
Ecole_479,École Spécialisée
Ecole_480,École Spécialisée
Ecole_481,École Spécialisée
Ecole_482,École Spécialisée
Ecole_483,École Spécialisée
Ecole_484,BTS
Ecole_485,École Spécialisée
Ecole_486,Université
Ecole_487,École Spécialisée
Ecole_488,Université
Ecole_489,École Spécialisée
Ecole_490,Université
Ecole_491,École de Commerce
Ecole_492,École de Commerce
Ecole_493,IUT
Ecole_494,BTS
Ecole_495,IUT
Ecole_496,BTS
Ecole_497,École de Commerce
Ecole_498,École de Commerce
Ecole_499,IUT
Ecole_500,École de Commerce
Ecole_501,BTS
Ecole_502,Université
Ecole_503,IUT
Ecole_504,IUT
Ecole_505,BTS
Ecole_506,Université
Ecole_507,Université
Ecole_508,École de Commerce
Ecole_509,Université
Ecole_510,BTS
Ecole_511,IUT
Ecole_512,École de Commerce
Ecole_513,École de Commerce
Ecole_514,IUT
Ecole_515,IUT
Ecole_516,École Spécialisée
Ecole_517,École de Commerce
Ecole_518,École Spécialisée
Ecole_519,École Spécialisée
Ecole_520,Université
Ecole_521,École de Commerce
Ecole_522,Université
Ecole_523,École de Commerce
Ecole_524,BTS
Ecole_525,BTS
Ecole_526,École de Commerce
Ecole_527,École Spécialisée
Ecole_528,École de Commerce
Ecole_529,Université
Ecole_530,École de Commerce
Ecole_531,École Spécialisée
Ecole_532,Université
Ecole_533,IUT
Ecole_534,IUT
Ecole_535,Université
Ecole_536,IUT
Ecole_537,IUT
Ecole_538,IUT
Ecole_539,Université
Ecole_540,IUT
Ecole_541,École de Commerce
Ecole_542,BTS
Ecole_543,BTS
Ecole_544,École Spécialisée
Ecole_545,École Spécialisée
Ecole_546,Université
Ecole_547,Université
Ecole_548,Université
Ecole_549,IUT
Ecole_550,IUT
Ecole_551,École de Commerce
Ecole_552,BTS
Ecole_553,Université
Ecole_554,BTS
Ecole_555,École Spécialisée
Ecole_556,École Spécialisée
Ecole_557,École Spécialisée
Ecole_558,BTS
Ecole_559,Université
Ecole_560,École de Commerce
Ecole_561,Université
Ecole_562,IUT
Ecole_563,Université
Ecole_564,Université
Ecole_565,BTS
Ecole_566,Université
Ecole_567,Université
Ecole_568,Université
Ecole_569,École de Commerce
Ecole_570,BTS
Ecole_571,IUT
Ecole_572,IUT
Ecole_573,IUT
Ecole_574,Université
Ecole_575,École de Commerce
Ecole_576,IUT
Ecole_577,École de Commerce
Ecole_578,BTS
Ecole_579,Université
Ecole_580,BTS
Ecole_581,IUT
Ecole_582,Université
Ecole_583,BTS
Ecole_584,École de Commerce
Ecole_585,IUT
Ecole_586,Université
Ecole_587,École de Commerce
Ecole_588,École de Commerce
Ecole_589,IUT
Ecole_590,Université
Ecole_591,Université
Ecole_592,IUT
Ecole_593,Université
Ecole_594,IUT
Ecole_595,IUT
Ecole_596,École de Commerce
Ecole_597,Université
Ecole_598,École de Commerce
Ecole_599,Université
Ecole_600,Université
Ecole_601,École de Commerce
Ecole_602,Université
Ecole_603,École de Commerce
Ecole_604,IUT
Ecole_605,École de Commerce
Ecole_606,BTS
Ecole_607,BTS
Ecole_608,BTS
Ecole_609,École Spécialisée
Ecole_610,École Spécialisée
Ecole_611,École de Commerce
Ecole_612,Université
Ecole_613,Université
Ecole_614,IUT
Ecole_615,École Spécialisée
Ecole_616,IUT
Ecole_617,École de Commerce
Ecole_618,BTS
Ecole_619,BTS
Ecole_620,BTS
Ecole_621,École de Commerce
Ecole_622,École de Commerce
Ecole_623,École de Commerce
Ecole_624,École Spécialisée
Ecole_625,École Spécialisée
Ecole_626,École de Commerce
Ecole_627,École Spécialisée
Ecole_628,École Spécialisée
Ecole_629,BTS
Ecole_630,École Spécialisée
Ecole_631,École Spécialisée
Ecole_632,IUT
Ecole_633,IUT
Ecole_634,BTS
Ecole_635,École Spécialisée
Ecole_636,Université
Ecole_637,BTS
Ecole_638,BTS
Ecole_639,Université
Ecole_640,École de Commerce
Ecole_641,École de Commerce
Ecole_642,École de Commerce
Ecole_643,BTS
Ecole_644,IUT
Ecole_645,Université
Ecole_646,École de Commerce
Ecole_647,École de Commerce
Ecole_648,École de Commerce
Ecole_649,École de Commerce
Ecole_650,IUT
Ecole_651,École Spécialisée
Ecole_652,IUT
Ecole_653,Université
Ecole_654,BTS
Ecole_655,École de Commerce
Ecole_656,IUT
Ecole_657,BTS
Ecole_658,École Spécialisée
Ecole_659,École Spécialisée
Ecole_660,École de Commerce
Ecole_661,Université
Ecole_662,IUT
Ecole_663,École de Commerce
Ecole_664,École de Commerce
Ecole_665,IUT
Ecole_666,Université
Ecole_667,École de Commerce
Ecole_668,École Spécialisée
Ecole_669,Université
Ecole_670,Université
Ecole_671,IUT
Ecole_672,BTS
Ecole_673,École Spécialisée
Ecole_674,BTS
Ecole_675,École de Commerce
Ecole_676,BTS
Ecole_677,IUT
Ecole_678,Université
Ecole_679,Université
Ecole_680,IUT
Ecole_681,École de Commerce
Ecole_682,École Spécialisée
Ecole_683,IUT
Ecole_684,Université
Ecole_685,École Spécialisée
Ecole_686,École de Commerce
Ecole_687,BTS
Ecole_688,Université
Ecole_689,BTS
Ecole_690,BTS
Ecole_691,BTS
Ecole_692,Université
Ecole_693,IUT
Ecole_694,IUT
Ecole_695,BTS
Ecole_696,École de Commerce
Ecole_697,Université
Ecole_698,École Spécialisée
Ecole_699,IUT
Ecole_700,Université
Ecole_701,BTS
Ecole_702,IUT
Ecole_703,École de Commerce
Ecole_704,École de Commerce
Ecole_705,École Spécialisée
Ecole_706,Université
Ecole_707,École Spécialisée
Ecole_708,École Spécialisée
Ecole_709,BTS
Ecole_710,École de Commerce
Ecole_711,BTS
Ecole_712,École Spécialisée
Ecole_713,Université
Ecole_714,École Spécialisée
Ecole_715,École de Commerce
Ecole_716,Université
Ecole_717,École de Commerce
Ecole_718,École Spécialisée
Ecole_719,BTS
Ecole_720,École de Commerce
Ecole_721,École de Commerce
Ecole_722,Université
Ecole_723,BTS
Ecole_724,IUT
Ecole_725,IUT
Ecole_726,Université
Ecole_727,Université
Ecole_728,IUT
Ecole_729,IUT
Ecole_730,BTS
Ecole_731,Université
Ecole_732,École Spécialisée
Ecole_733,Université
Ecole_734,École Spécialisée
Ecole_735,IUT
Ecole_736,Université
Ecole_737,École Spécialisée
Ecole_738,BTS
Ecole_739,École de Commerce
Ecole_740,IUT
Ecole_741,BTS
Ecole_742,Université
Ecole_743,BTS
Ecole_744,École de Commerce
Ecole_745,IUT
Ecole_746,École de Commerce
Ecole_747,Université
Ecole_748,Université
Ecole_749,IUT
Ecole_750,BTS
Ecole_751,École Spécialisée
Ecole_752,IUT
Ecole_753,IUT
Ecole_754,BTS
Ecole_755,IUT
Ecole_756,IUT
Ecole_757,Université
Ecole_758,École Spécialisée
Ecole_759,Université
Ecole_760,École Spécialisée
Ecole_761,BTS
Ecole_762,Université
Ecole_763,École Spécialisée
Ecole_764,École de Commerce
Ecole_765,IUT
Ecole_766,École de Commerce
Ecole_767,École Spécialisée
Ecole_768,Université
Ecole_769,École de Commerce
Ecole_770,École Spécialisée
Ecole_771,BTS
Ecole_772,École Spécialisée
Ecole_773,École de Commerce
Ecole_774,BTS
Ecole_775,IUT
Ecole_776,École Spécialisée
Ecole_777,Université
Ecole_778,Université
Ecole_779,IUT
Ecole_780,Université
Ecole_781,École Spécialisée
Ecole_782,École de Commerce
Ecole_783,Université
Ecole_784,BTS
Ecole_785,Université
Ecole_786,École Spécialisée
Ecole_787,BTS
Ecole_788,BTS
Ecole_789,BTS
Ecole_790,École de Commerce
Ecole_791,École Spécialisée
Ecole_792,École de Commerce
Ecole_793,IUT
Ecole_794,IUT
Ecole_795,École Spécialisée
Ecole_796,BTS
Ecole_797,Université
Ecole_798,École de Commerce
Ecole_799,IUT
Ecole_800,BTS
Ecole_801,École Spécialisée
Ecole_802,Université
Ecole_803,École de Commerce
Ecole_804,École de Commerce
Ecole_805,BTS
Ecole_806,École Spécialisée
Ecole_807,IUT
Ecole_808,École Spécialisée
Ecole_809,IUT
Ecole_810,IUT
Ecole_811,École Spécialisée
Ecole_812,Université
Ecole_813,École Spécialisée
Ecole_814,École Spécialisée
Ecole_815,BTS
Ecole_816,Université
Ecole_817,École de Commerce
Ecole_818,Université
Ecole_819,École de Commerce
Ecole_820,École de Commerce
Ecole_821,Université
Ecole_822,École Spécialisée
Ecole_823,École Spécialisée
Ecole_824,École de Commerce
Ecole_825,École de Commerce
Ecole_826,École Spécialisée
Ecole_827,Université
Ecole_828,École de Commerce
Ecole_829,IUT
Ecole_830,École Spécialisée
Ecole_831,École de Commerce
Ecole_832,IUT
Ecole_833,IUT
Ecole_834,École Spécialisée
Ecole_835,École Spécialisée
Ecole_836,BTS
Ecole_837,BTS
Ecole_838,École de Commerce
Ecole_839,Université
Ecole_840,École de Commerce
Ecole_841,IUT
Ecole_842,Université
Ecole_843,IUT
Ecole_844,BTS
Ecole_845,IUT
Ecole_846,Université
Ecole_847,Université
Ecole_848,Université
Ecole_849,École de Commerce
Ecole_850,BTS
Ecole_851,BTS
Ecole_852,École Spécialisée
Ecole_853,École Spécialisée
Ecole_854,IUT
Ecole_855,Université
Ecole_856,Université
Ecole_857,IUT
Ecole_858,Université
Ecole_859,BTS
Ecole_860,École de Commerce
Ecole_861,Université
Ecole_862,Université
Ecole_863,IUT
Ecole_864,IUT
Ecole_865,BTS
Ecole_866,École Spécialisée
Ecole_867,Université
Ecole_868,École de Commerce
Ecole_869,École Spécialisée
Ecole_870,IUT
Ecole_871,IUT
Ecole_872,BTS
Ecole_873,École Spécialisée
Ecole_874,IUT
Ecole_875,École Spécialisée
Ecole_876,BTS
Ecole_877,École Spécialisée
Ecole_878,École de Commerce
Ecole_879,IUT
Ecole_880,École Spécialisée
Ecole_881,École Spécialisée
Ecole_882,IUT
Ecole_883,École de Commerce
Ecole_884,IUT
Ecole_885,École Spécialisée
Ecole_886,IUT
Ecole_887,École Spécialisée
Ecole_888,Université
Ecole_889,École Spécialisée
Ecole_890,Université
Ecole_891,BTS
Ecole_892,École de Commerce
Ecole_893,IUT
Ecole_894,École de Commerce
Ecole_895,École Spécialisée
Ecole_896,BTS
Ecole_897,Université
Ecole_898,École Spécialisée
Ecole_899,BTS
Ecole_900,BTS
